<?xml version="1.0" encoding="UTF-8"?>
<!DOCTYPE mapper PUBLIC "-//mybatis.org//DTD Mapper 3.0//EN" "http://mybatis.org/dtd/mybatis-3-mapper.dtd">
<mapper namespace="com.zk.kfcloud.Dao.RoleMapper">
    <resultMap id="roleResultMap" type="com.zk.kfcloud.Entity.web.Role">
        <id column="role_id" jdbcType="INTEGER" property="roleId"/>
        <result column="role_name" jdbcType="VARCHAR" property="roleName"/>
        <result column="rights" jdbcType="VARCHAR" property="rights"/>
    </resultMap>
    <sql id="Base_Column_List">
    role_id, role_name, rights
  </sql>
    <select id="selectByPrimaryKey" parameterType="java.lang.Integer" resultMap="roleResultMap">
        select
        <include refid="Base_Column_List"/>
        from tb2_role
        where role_id = #{roleId,jdbcType=INTEGER}
    </select>
    <delete id="deleteByPrimaryKey" parameterType="java.lang.Integer">
    delete from tb2_role
    where role_id = #{roleId,jdbcType=INTEGER}
  </delete>

    <insert id="insert" parameterType="com.zk.kfcloud.Entity.web.Role">
    insert into tb2_role (role_id, role_name, rights ) values (#{roleId,jdbcType=INTEGER}, #{roleName,jdbcType=VARCHAR}, #{rights,jdbcType=VARCHAR})
  </insert>

    <insert id="insertSelective" parameterType="com.zk.kfcloud.Entity.web.Role">
        insert into tb2_role
        <trim prefix="(" suffix=")" suffixOverrides=",">
            <if test="roleId != null">
                role_id,
            </if>
            <if test="roleName != null">
                role_name,
            </if>
            <if test="rights != null">
                rights,
            </if>
        </trim>
        <trim prefix="values (" suffix=")" suffixOverrides=",">
            <if test="roleId != null">
                #{roleId,jdbcType=INTEGER},
            </if>
            <if test="roleName != null">
                #{roleName,jdbcType=VARCHAR},
            </if>
            <if test="rights != null">
                #{rights,jdbcType=VARCHAR},
            </if>
        </trim>
    </insert>
    <update id="updateByPrimaryKeySelective" parameterType="com.zk.kfcloud.Entity.web.Role">
        update tb2_role
        <set>
            <if test="roleName != null">
                role_name = #{roleName,jdbcType=VARCHAR},
            </if>
            <if test="rights != null">
                rights = #{rights,jdbcType=VARCHAR},
            </if>
        </set>
        where role_id = #{roleId,jdbcType=INTEGER}
    </update>
    <update id="updateByPrimaryKey" parameterType="com.zk.kfcloud.Entity.web.Role">
    update tb2_role set role_name = #{roleName,jdbcType=VARCHAR},rights = #{rights,jdbcType=VARCHAR} where role_id = #{roleId,jdbcType=INTEGER}
  </update>
    <select id="listAllRoles" resultMap="roleResultMap">
		select * from tb2_role
	</select>
    <select id="getRoleById" parameterType="int" resultMap="roleResultMap">
		select * from tb2_role where role_id=#{roleId}
	</select>
    <select id="getCountByName" parameterType="com.zk.kfcloud.Entity.web.Role" resultType="int">
        select count(role_id) from tb2_role where role_name=#{roleName}
        <if test="roleId!=null or roleId>0">
            and role_id!=#{roleId}
        </if>
    </select>

    <select id="getRoleIdByRoleName" parameterType="String" resultType="Integer">
		select role_id from tb2_role where role_name = #{roleName}
	</select>

    <insert id="insertRole" parameterType="com.zk.kfcloud.Entity.web.Role" useGeneratedKeys="true" keyProperty="roleId">
		insert into tb2_role (role_name) values (#{roleName})
	</insert>

    <update id="updateRoleBaseInfo" parameterType="com.zk.kfcloud.Entity.web.Role">
		update tb2_role set role_name=#{roleName} where role_id=#{roleId}
	</update>
    <update id="updateRoleRights" parameterType="com.zk.kfcloud.Entity.web.Role">
		update tb2_role set rights=#{rights} where role_id=#{roleId}
	</update>
    <delete id="deleteRoleById" parameterType="int">
		delete from tb2_role where role_id=#{roleId}
	</delete>

    <select id="getRoleByUserId" parameterType="int" resultType="String">
		select rights from tb2_role where role_id=#{userId}
	</select>
</mapper>