<?xml version="1.0" encoding="UTF-8"?>
<!DOCTYPE mapper PUBLIC "-//mybatis.org//DTD Mapper 3.0//EN" "http://mybatis.org/dtd/mybatis-3-mapper.dtd">
<mapper namespace="com.zk.kfcloud.Dao.WeChatMapper">
    <!-- 原版的sql开始-->
    <resultMap id="BaseResultMap" type="com.zk.kfcloud.Entity.web.WeChat">
        <id column="id" jdbcType="INTEGER" property="id"/>
        <result column="open_id" jdbcType="VARCHAR" property="openId"/>
        <result column="user_id" jdbcType="INTEGER" property="userId"/>
        <result column="wechar_name" jdbcType="VARCHAR" property="userName"/>
        <result column="login_status" jdbcType="INTEGER" property="loginStatus"/>
        <result column="login_time" jdbcType="INTEGER" property="loginTime"/>
    </resultMap>
    <sql id="Base_Column_List">
        id, open_id, user_id, wechar_name, login_status, login_time
      </sql>
    <!-- 主要方法 -->
    <select id="findAllWeChatUser" resultMap="BaseResultMap">
        select
        <include refid="Base_Column_List"/>
        from tb2_wechat
    </select>
    <select id="findAllUser" resultType="com.zk.kfcloud.Entity.web.WebWeChat">
      select u.user_id, u.loginname,u.username,u.`status`,w.login_status,w.alarm_auth
      FROM tb2_wechat w RIGHT JOIN tb2_user  u ON u.user_id=w.user_id
    </select>
    <!-- 自动生成的方法 -->
    <select id="selectByPrimaryKey" parameterType="java.lang.Integer" resultMap="BaseResultMap">
        select
        <include refid="Base_Column_List"/>
        from tb2_wechat
        where id = #{id,jdbcType=INTEGER}
    </select>
    <delete id="deleteByPrimaryKey" parameterType="java.lang.Integer">
    delete from tb2_wechat where id = #{id,jdbcType=INTEGER}
  </delete>

    <insert id="insert" parameterType="com.zk.kfcloud.Entity.web.WeChat">
    insert into tb2_wechat (id, open_id, user_id, wechar_name ) values (#{id,jdbcType=INTEGER},#{openId,jdbcType=VARCHAR},#{userId,jdbcType=INTEGER},#{userName,jdbcType=VARCHAR})
  </insert>


    <insert id="insertSelective" parameterType="com.zk.kfcloud.Entity.web.WeChat">
        insert into tb2_wechat
        <trim prefix="(" suffix=")" suffixOverrides=",">
            <if test="id != null">
                id,
            </if>
            <if test="openId != null">
                open_id,
            </if>
            <if test="userId != null">
                user_id,
            </if>
        </trim>
        <trim prefix="values (" suffix=")" suffixOverrides=",">
            <if test="id != null">
                #{id,jdbcType=INTEGER},
            </if>
            <if test="openId != null">
                #{openId,jdbcType=VARCHAR},
            </if>
            <if test="userId != null">
                #{userId,jdbcType=INTEGER},
            </if>
        </trim>
    </insert>
    <update id="updateByPrimaryKeySelective" parameterType="com.zk.kfcloud.Entity.web.WeChat">
        update tb2_wechat
        <set>
            <if test="openId != null">
                open_id = #{openId,jdbcType=VARCHAR},
            </if>
            <if test="userId != null">
                user_id = #{userId,jdbcType=INTEGER},
            </if>
        </set>
        where id = #{id,jdbcType=INTEGER}
    </update>
    <update id="updateByPrimaryKey" parameterType="com.zk.kfcloud.Entity.web.WeChat">
    update tb2_wechat set open_id = #{openId,jdbcType=VARCHAR},user_id = #{userId,jdbcType=INTEGER} where id = #{id,jdbcType=INTEGER}
  </update>

    <update id="updatealarm_authTure" parameterType="string">
    update tb2_wechat set alarm_auth = 1 where open_id = #{openid}
  </update>

    <update id="updatealarm_authFalse" parameterType="String">
    UPDATE tb2_wechat SET alarm_auth = 0 WHERE open_id = #{openid}
  </update>

    <update id="updateWecharname" parameterType="com.zk.kfcloud.Entity.web.WeChat">
    update tb2_wechat set wechar_name = #{userName,jdbcType=VARCHAR} where open_id = #{openId,jdbcType=VARCHAR}
  </update>

    <update id="updateLoginStatus" statementType="STATEMENT">
    update tb2_wechat set login_status = ${loginStatus} where open_id = ${openid}
  </update>

    <update id="updateLoginTime" parameterType="com.zk.kfcloud.Entity.web.WeChat">
    update tb2_wechat set login_time = #{loginTime} where open_id = #{openId}
  </update>
</mapper>