<?xml version="1.0" encoding="UTF-8"?>
<!DOCTYPE generatorConfiguration
        PUBLIC "-//mybatis.org//DTD MyBatis Generator Configuration 1.0//EN"
        "http://mybatis.org/dtd/mybatis-generator-config_1_0.dtd">
<generatorConfiguration>
    <!-- 数据库驱动:选择你的本地硬盘上面的数据库驱动包-->
    <classPathEntry location="F:\Projects\IdeaProjects\kfcloud\mysql-connector-java-5.1.41.jar"/>
    <context id="roleGenerator" targetRuntime="MyBatis3">
        <commentGenerator>
            <property name="suppressDate" value="true"/>
            <!-- 是否去除自动生成的注释 true：是 ： false:否 -->
            <property name="suppressAllComments" value="true"/>
        </commentGenerator>
        <!--数据库链接URL，用户名、密码 -->
        <jdbcConnection driverClass="com.mysql.jdbc.Driver" connectionURL="jdbc:mysql://114.55.143.24:3306/db_Opc"
                        userId="root" password="opc_123"></jdbcConnection>
        <javaTypeResolver>
            <property name="forceBigDecimals" value="false"/>
        </javaTypeResolver>
        <!-- 生成模型的包名和位置-->
        <javaModelGenerator targetPackage="com.zk.kfcloud.Entity.web" targetProject="src/main/java">
            <property name="enableSubPackages" value="true"/>
            <property name="trimStrings" value="true"/>
        </javaModelGenerator>
        <!-- 生成映射文件的包名和位置-->
        <sqlMapGenerator targetPackage="mapper" targetProject="src/main/resources">
            <property name="enableSubPackages" value="true"/>
        </sqlMapGenerator>
        <!-- 生成DAO的包名和位置-->
        <javaClientGenerator type="XMLMAPPER" targetPackage="com.zk.kfcloud.Dao" targetProject="src/main/java">
            <property name="enableSubPackages" value="true"/>
        </javaClientGenerator>
        <!-- 要生成的表 tableName是数据库中的表名或视图名 domainObjectName是实体类名-->
        <table tableName="tb2_wechat" domainObjectName="WeChat" enableCountByExample="false"
               enableUpdateByExample="false" enableDeleteByExample="false" enableSelectByExample="false"
               selectByExampleQueryId="false"></table>
    </context>
    <!--<context id="userGenerator"  targetRuntime="MyBatis3">-->
    <!--<commentGenerator>-->
    <!--<property name="suppressDate" value="true"/>-->
    <!--&lt;!&ndash; 是否去除自动生成的注释 true：是 ： false:否 &ndash;&gt;-->
    <!--<property name="suppressAllComments" value="true"/>-->
    <!--</commentGenerator>-->
    <!--&lt;!&ndash;数据库链接URL，用户名、密码 &ndash;&gt;-->
    <!--<jdbcConnection driverClass="com.mysql.jdbc.Driver" connectionURL="jdbc:mysql://114.55.143.24:3306/db_Opc" userId="root" password="opc_123"></jdbcConnection>-->
    <!--<javaTypeResolver>-->
    <!--<property name="forceBigDecimals" value="false"/>-->
    <!--</javaTypeResolver>-->
    <!--&lt;!&ndash; 生成模型的包名和位置&ndash;&gt;-->
    <!--<javaModelGenerator targetPackage="com.zk.kfcloud.Entity.web" targetProject="src/main/java">-->
    <!--<property name="enableSubPackages" value="true"/>-->
    <!--<property name="trimStrings" value="true"/>-->
    <!--</javaModelGenerator>-->
    <!--&lt;!&ndash; 生成映射文件的包名和位置&ndash;&gt;-->
    <!--<sqlMapGenerator targetPackage="mapper" targetProject="src/main/resources">-->
    <!--<property name="enableSubPackages" value="true"/>-->
    <!--</sqlMapGenerator>-->
    <!--&lt;!&ndash; 生成DAO的包名和位置&ndash;&gt;-->
    <!--<javaClientGenerator type="XMLMAPPER" targetPackage="com.zk.kfcloud.Dao" targetProject="src/main/java">-->
    <!--<property name="enableSubPackages" value="true"/>-->
    <!--</javaClientGenerator>-->
    <!--&lt;!&ndash; 要生成的表 tableName是数据库中的表名或视图名 domainObjectName是实体类名&ndash;&gt;-->
    <!--<table tableName="tb2_user" domainObjectName="User" enableCountByExample="false" enableUpdateByExample="false" enableDeleteByExample="false" enableSelectByExample="false" selectByExampleQueryId="false"></table>-->
    <!--</context>-->
</generatorConfiguration>